id,name,dpto,date,revenue
1,Caryl Paoletti,Montevideo,2020/10/19,565.932
2,Pasquale Lightning,Salto,2021/02/01,722.441
3,Melinde Jearum,Montevideo,2020/09/23,797.886
4,Jazmin Speir,Montevideo,2021/03/13,346.75
5,Kirby Liepmann,Montevideo,2021/01/07,1037.025
6,Krishna Aucourte,Salto,2020/12/29,320.938
7,Sofia Carslaw,Salto,2020/09/20,879.469
8,Evin Gilvear,Montevideo,2020/09/28,323.051
9,Benton Triner,Salto,2021/02/07,736.802
10,Paul Broz,Salto,2020/12/06,725.129
11,Lidia Mufford,Montevideo,2020/10/19,1065.707
12,Henri Conechie,Montevideo,2020/11/10,511.578
13,Durward Screeton,Montevideo,2021/03/13,366.2
14,Ruttger Rivalland,Salto,2021/02/02,373.472
15,Sherwynd Tetley,Montevideo,2020/09/18,544.481
16,Roz Wheelton,Salto,2020/12/22,1160.538
17,Vania Mucci,Montevideo,2020/08/03,465.705
18,Cesaro Neeve,Montevideo,2020/08/11,408.421
19,Burg Dummer,Colonia,2020/11/24,195.084
20,Beatrix Swinbourne,Colonia,2020/12/21,927.58
21,Holly Jahn,Montevideo,2021/02/18,960.502
22,Donetta Chattington,Montevideo,2021/03/23,1014.036
23,Chick Gawith,Salto,2021/03/19,987.691
24,Ferdinanda Scherer,Colonia,2021/02/02,755.901
25,Essy Aguirrezabal,Salto,2020/10/12,482.948
26,Prinz Garvey,Montevideo,2021/03/23,219.877
27,Angelique Feuell,Montevideo,2021/01/20,420.326
28,Urbanus Breming,Salto,2021/01/12,172.885
29,Shelden Skeemor,Colonia,2020/11/19,270.535
30,Cullin Semeradova,Colonia,2021/02/10,548.149
31,Aharon Stampe,Colonia,2021/03/22,220.51
32,Franky Roblin,Salto,2020/10/15,221.369
33,Thornie Jenicek,Salto,2020/11/21,791.546
34,Ellen Deane,Salto,2021/01/08,856.385
35,Wenonah Low,Salto,2020/10/06,320.579
36,Maddalena Samme,Salto,2020/08/03,513.707
37,Tabbie Fabb,Montevideo,2020/08/20,403.46
38,Netta Francecione,Salto,2020/10/05,280.993
39,Shurlocke Burgill,Salto,2020/09/21,1144.176
40,Lissi Bruyntjes,Salto,2020/09/30,1069.668
41,Inness Stonhouse,Colonia,2020/08/12,1091.975
42,Berny Christoforou,Colonia,2021/02/11,161.642
43,Pier Chritchley,Montevideo,2020/10/08,316.525
44,Marlowe Louder,Salto,2020/11/06,1074.397
45,Shepperd Brimson,Salto,2020/12/23,870.156
46,Izabel Kielty,Montevideo,2021/02/22,1210.135
47,Eileen Grabban,Montevideo,2020/10/28,1198.292
48,Monty Pointer,Colonia,2021/02/16,422.849
49,Rachael Critoph,Colonia,2020/12/16,828.205
50,Jdavie Raddan,Colonia,2020/08/14,365.211
51,Shani Mathis,Colonia,2021/03/12,956.544
52,Lydon Posner,Montevideo,2020/10/20,453.914
53,Rochell Sterte,Salto,2020/08/03,808.803
54,Sharline Ritzman,Salto,2020/09/25,532.714
55,Cristabel Vernazza,Salto,2020/11/25,297.202
56,Rodge Oag,Montevideo,2021/02/10,1196.371
57,Hynda Spraberry,Colonia,2020/12/06,550.457
58,Portia Paulley,Colonia,2020/10/07,365.61
59,Jolene Beaze,Salto,2020/09/16,1017.409
60,Arlen Rackley,Montevideo,2020/12/15,531.588
61,Fayre Malarkey,Colonia,2021/01/12,879.881
62,Mead Clifft,Montevideo,2021/02/02,604.525
63,Danica Jonas,Montevideo,2020/08/17,318.45
64,Carlina Semple,Colonia,2020/11/30,204.141
65,Robinet Dyer,Montevideo,2020/11/07,1035.867
66,Tripp Wannes,Salto,2020/08/28,391.971
67,Joelly Gregh,Colonia,2020/08/09,735.657
68,Hanny Rennie,Salto,2020/08/28,1075.231
69,Ban Whitlam,Salto,2021/02/28,592.702
70,Virgie Rowsell,Salto,2020/09/01,576.004
71,Tamra Agdahl,Montevideo,2020/10/14,557.225
72,Nanci Brosenius,Colonia,2020/08/05,388.352
73,Jonas Pauli,Montevideo,2021/03/15,551.079
74,Tommy Kitto,Montevideo,2020/12/18,580.756
75,Delainey Ascough,Salto,2020/11/23,685.252
76,Eberhard Giovanni,Montevideo,2021/02/11,745.767
77,Hayden Bollum,Colonia,2020/11/22,636.783
78,Shae Delacote,Montevideo,2021/03/11,557.327
79,Lucina Lackinton,Montevideo,2021/02/01,484.311
80,Vinnie Gumley,Colonia,2020/08/28,1058.66
81,Nettle Weld,Salto,2020/11/21,859.923
82,Joli Pinare,Salto,2020/12/07,788.85
83,Ginnie Kettlestringe,Montevideo,2021/03/03,1153.076
84,Theressa Inchboard,Montevideo,2020/11/02,655.068
85,Reinhold Bucke,Montevideo,2021/01/14,921.041
86,Dorris Sipson,Montevideo,2020/11/08,1032.317
87,Edee Vaneev,Montevideo,2020/09/18,348.885
88,Ernesta Maceur,Colonia,2021/03/07,1096.506
89,Edeline Eich,Montevideo,2021/01/31,620.041
90,Miles Portam,Salto,2021/02/07,1229.296
91,Feodor Wetwood,Salto,2021/03/25,247.217
92,Danya Rowell,Colonia,2021/02/10,926.802
93,Leonerd Brisley,Colonia,2020/09/26,612.38
94,Maggy Badsey,Colonia,2021/03/18,536.214
95,Rickey Hadden,Salto,2020/08/04,389.779
96,Kelley Cassells,Salto,2020/11/01,779.883
97,Mark Noke,Colonia,2020/08/23,948.738
98,Kennie Maharg,Montevideo,2020/12/17,556.198
99,Dasie McEvon,Colonia,2020/09/26,968.453
100,Barde Binding,Colonia,2021/03/22,186.865
101,Juline Hein,Montevideo,2021/01/07,324.691
102,Galen Mityukov,Montevideo,2020/12/24,828.436
103,Nevil Trosdall,Colonia,2020/10/23,775.917
104,Gwyn Lineker,Salto,2020/08/17,925.389
105,Natty Glasspool,Montevideo,2021/01/16,351.305
106,Isiahi Lawson,Montevideo,2021/01/08,1048.264
107,Linea Sertin,Montevideo,2021/01/01,561.971
108,Aluino Cornner,Salto,2020/09/16,293.288
109,Zena Brute,Montevideo,2020/10/09,341.824
110,Antonetta Pownall,Colonia,2020/10/07,1002.375
111,Andree Aizik,Montevideo,2020/08/25,976.847
112,Joelle Astles,Montevideo,2021/03/14,163.185
113,Ali Slogrove,Colonia,2020/09/30,394.176
114,Orran Eastmond,Montevideo,2021/03/05,852.464
115,Winny Durden,Montevideo,2020/08/16,475.076
116,Bealle Mallindine,Colonia,2020/08/10,1041.079
117,Tailor Lynagh,Montevideo,2020/10/26,446.554
118,Britt Lumsdall,Salto,2021/01/23,298.124
119,Renaud List,Salto,2020/08/10,738.454
120,Rodolph Taillard,Colonia,2020/11/06,639.721
121,Trueman Soule,Montevideo,2021/03/24,586.595
122,Dalia Goodluck,Salto,2021/02/11,597.202
123,Link Miklem,Montevideo,2020/11/06,588.911
124,Jewell Crankshaw,Montevideo,2020/08/31,386.121
125,Nerti Stonham,Salto,2020/10/07,1039.756
126,Lind Campanelle,Salto,2020/12/20,217.761
127,Shannen Kirkup,Salto,2020/09/24,1113.043
128,Smith McRobbie,Colonia,2020/12/14,1125.62
129,Eudora Quilleash,Colonia,2021/03/23,869.567
130,Coletta Fontanet,Salto,2020/09/06,596.487
131,Newton Farrin,Colonia,2020/11/09,786.098
132,Dionne Osband,Colonia,2020/08/26,179.282
133,Sandye Alliot,Montevideo,2020/08/03,847.96
134,Ida Wildish,Salto,2020/10/22,309.608
135,Ginevra Baldock,Montevideo,2020/12/28,664.744
136,Trevor Dryden,Colonia,2020/08/18,1219.49
137,Corabella Keele,Colonia,2021/03/06,1231.909
138,Hinda Tytterton,Salto,2021/03/21,754.04
139,Emanuel Dowderswell,Montevideo,2021/02/24,592.488
140,Goran Seabert,Salto,2020/08/16,851.863
141,Jereme Addicote,Salto,2020/11/20,810.203
142,Deirdre Olexa,Montevideo,2021/01/17,780.936
143,Derrick Hambly,Salto,2020/08/05,868.307
144,Venus Tingcomb,Salto,2020/10/17,238.743
145,Celinka Sprakes,Colonia,2021/02/11,1219.289
146,Abigale Fuentez,Colonia,2021/03/10,1211.311
147,Mariejeanne Bartoszinski,Colonia,2021/02/13,217.241
148,Filide Muzzullo,Colonia,2021/01/21,888.54
149,Susanetta Smetoun,Colonia,2021/01/10,377.011
150,Marlo Suttie,Salto,2020/09/19,842.107
151,Willette Cicchinelli,Montevideo,2020/08/25,1116.645
152,Hardy Ricciardo,Salto,2020/09/10,993.058
153,Karlotta Duchateau,Salto,2021/02/21,1069.735
154,Kali Dearnly,Colonia,2020/12/06,1134.913
155,Lynett Leward,Salto,2020/10/01,734.661
156,Isabeau Hemphall,Montevideo,2020/11/03,918.052
157,Griff Matskevich,Montevideo,2020/09/05,556.284
158,Bevvy Speake,Salto,2020/10/15,907.911
159,Lexi Siaskowski,Montevideo,2020/08/04,1110.197
160,Colline Bardnam,Colonia,2021/01/19,303.316
161,Neille Fearnside,Colonia,2021/01/09,177.105
162,Kylen Bathow,Colonia,2021/03/25,580.892
163,Robinson Manis,Colonia,2020/10/14,1068.166
164,Myrtie Abels,Montevideo,2020/12/14,199.78
165,Gregorio Mignot,Colonia,2020/12/24,1017.761
166,Charmine Habin,Montevideo,2020/08/31,456.803
167,Caresse Prentice,Salto,2020/09/19,574.905
168,Jim Cattel,Montevideo,2020/11/20,180.29
169,Darlleen Dabnor,Colonia,2021/02/14,704.37
170,Homer Fortune,Montevideo,2020/12/23,1229.002
171,Barbara-anne Ceaser,Salto,2021/01/31,415.159
172,Hersch Free,Montevideo,2020/12/11,470.657
173,Rebeka Wiseman,Salto,2020/08/03,320.843
174,Marja Kinney,Montevideo,2020/12/10,347.296
175,Georges Hinstock,Salto,2021/01/06,301.952
176,Niko Strettell,Salto,2020/08/13,1000.292
177,Chaunce Betty,Colonia,2020/08/22,584.221
178,Lula Daleman,Montevideo,2020/08/03,774.665
179,Bea Towson,Colonia,2020/08/16,1172.53
180,Gearalt Schutze,Montevideo,2021/01/29,717.466
181,Basia Astridge,Colonia,2021/03/07,479.942
182,Brunhilde Viant,Colonia,2021/01/21,668.899
183,Lynette Reith,Salto,2021/02/14,914.672
184,Katusha Pfaffel,Salto,2020/12/17,1079.143
185,Olympie Loach,Salto,2021/01/23,527.477
186,Nadine Janowski,Salto,2021/01/06,444.57
187,Chucho Sallowaye,Montevideo,2020/09/22,800.85
188,Sergent Cleevely,Salto,2020/10/25,933.165
189,Rosemonde Peto,Montevideo,2020/11/06,1064.793
190,Vern Rockhall,Colonia,2020/08/08,699.4
191,Alyse Riep,Colonia,2020/08/06,578.767
192,Jerome MacKill,Salto,2021/03/25,345.501
193,Rodolfo Tumbelty,Montevideo,2021/01/05,574.492
194,Tiffany Housby,Colonia,2021/02/20,327.655
195,Ekaterina Lacasa,Salto,2020/11/14,446.38
196,Scarlett Ricciardiello,Montevideo,2021/02/15,1058.302
197,Michaella Bartolacci,Salto,2020/08/18,1175.73
198,Zacharia Bursnoll,Salto,2020/10/12,166.918
199,Livia Delgardo,Colonia,2020/11/15,326.595
200,Lauree Sherrin,Salto,2021/02/05,691.65
201,Brandon Vella,Montevideo,2020/09/16,1004.968
202,Giana Legge,Salto,2020/09/06,1020.75
203,Avivah Colwell,Montevideo,2021/01/02,806.492
204,Ricoriki Sergean,Montevideo,2020/08/20,356.567
205,Cody Parsonage,Salto,2020/10/11,414.428
206,Erhart Hardaker,Salto,2020/08/28,329.954
207,Pavel Jennins,Colonia,2020/10/03,717.094
208,Natala Sibylla,Colonia,2020/12/15,519.337
209,Rahal Kastel,Montevideo,2021/01/12,575.363
210,Grete Elby,Colonia,2020/12/16,325.396
211,Byrle Tappington,Montevideo,2020/08/06,1006.882
212,Shannon Connichie,Salto,2020/08/27,686.218
213,Aile Ridding,Montevideo,2020/12/17,692.932
214,Emilio Chrichton,Colonia,2020/09/27,1246.816
215,Miles Espinas,Montevideo,2021/01/02,981.883
216,Chen Clines,Salto,2020/09/07,992.791
217,Nadia Blockley,Colonia,2020/11/04,617.873
218,Karim Trumpeter,Montevideo,2021/03/23,1121.697
219,Mollie Conor,Salto,2021/03/19,954.585
220,Fredia Busch,Colonia,2020/10/06,795.418
221,Gerianne Braisher,Salto,2021/03/21,548.741
222,Monah Pond,Montevideo,2021/01/20,210.354
223,Northrop Duplain,Montevideo,2020/12/19,577.212
224,Gabrielle Reisenberg,Salto,2020/09/17,883.564
225,Hermina Readshall,Salto,2020/10/10,614.048
226,Silvester Manning,Colonia,2020/08/26,342.169
227,Robinette Kenealy,Salto,2021/01/28,616.097
228,Scott Thominga,Colonia,2021/01/08,481.787
229,Janie Membry,Colonia,2020/10/03,867.867
230,Lenee Lethlay,Montevideo,2020/10/25,333.113
231,Darcy Perrin,Salto,2020/09/11,350.683
232,Cosme Hattoe,Colonia,2020/10/17,921.036
233,Conney Kundert,Salto,2020/08/22,278.943
234,Carney Oakeby,Montevideo,2020/08/30,200.007
235,Ertha Felton,Colonia,2020/10/01,259.414
236,Ingra Rolance,Montevideo,2021/03/19,1244.235
237,Cybill Whickman,Montevideo,2020/08/21,1041.969
238,Abbey Hove,Colonia,2020/12/18,648.009
239,Florence Brodeau,Montevideo,2020/09/13,213.205
240,Cheryl Goodsir,Montevideo,2021/01/11,790.013
241,Harv Crapper,Salto,2020/12/23,1135.123
242,Miran Pattullo,Montevideo,2020/12/17,695.861
243,Ariana Crux,Montevideo,2021/01/14,707.582
244,Kameko Giannotti,Montevideo,2021/03/22,1096.88
245,Zeke Barge,Montevideo,2021/03/15,1043.089
246,Desi Marte,Colonia,2020/08/23,888.719
247,Rosy McCaghan,Montevideo,2020/09/16,191.486
248,Jehu Bedell,Salto,2020/10/27,522.827
249,Bria Bezant,Colonia,2020/12/14,836.414
250,Daniele Detloff,Salto,2020/11/18,638.358
251,Mignonne Henstone,Colonia,2020/10/21,1013.507
252,Vikki Thornborrow,Montevideo,2020/09/30,303.334
253,Eilis Simanek,Salto,2020/11/26,1207.469
254,Wenona Burkitt,Colonia,2020/08/12,1104.435
255,Hunt Gowans,Salto,2021/02/08,496.554
256,Dani Horsefield,Colonia,2021/03/20,673.887
257,Sibylla Kench,Montevideo,2020/10/03,837.643
258,Vivia Rolfi,Salto,2021/03/26,974.189
259,Maxie Spurgeon,Montevideo,2021/02/24,155.237
260,Schuyler Breznovic,Salto,2021/03/07,513.409
261,Nev Bearns,Salto,2021/03/08,175.667
262,Perle Kulicke,Colonia,2021/02/23,1145.072
263,Cate Lounds,Montevideo,2020/09/11,930.807
264,Jillie Simione,Colonia,2020/11/18,181.849
265,Lena Attoe,Salto,2020/10/07,878.097
266,Annabela Gorrie,Montevideo,2020/10/21,1101.315
267,Dolf Trimmill,Colonia,2020/10/16,1226.05
268,Berenice Mower,Montevideo,2020/10/16,1154.01
269,Doretta McGann,Salto,2020/12/08,609.7
270,Tyson Udell,Colonia,2020/10/28,574.278
271,Worden Flecknoe,Montevideo,2021/02/16,556.313
272,Brion Megany,Colonia,2020/12/15,386.281
273,Junia Kingaby,Montevideo,2020/08/03,835.17
274,Temp Cisson,Montevideo,2021/02/10,381.727
275,Aldric Tunnadine,Salto,2020/10/31,880.552
276,Sybil Bligh,Salto,2021/01/21,838.579
277,Evonne Ketchen,Salto,2020/08/11,221.473
278,Sterling Hickisson,Montevideo,2021/03/14,170.538
279,Griselda Ashment,Montevideo,2020/08/13,152.825
280,Selig Courage,Montevideo,2020/10/30,659.41
281,My Burds,Colonia,2021/01/24,1169.038
282,Rivy Meaking,Colonia,2020/09/27,1245.046
283,Mill Pirozzi,Colonia,2021/01/25,535.667
284,Penelope Witcherley,Montevideo,2021/01/27,600.588
285,Bettina Collier,Salto,2021/03/02,1026.968
286,Rickard Laurand,Montevideo,2020/08/15,407.189
287,Corissa Dockrill,Colonia,2020/09/11,651.29
288,Brett Bolgar,Colonia,2021/02/28,428.301
289,Tracee Sambells,Colonia,2020/08/31,454.63
290,Esta Helliker,Montevideo,2020/08/06,905.024
291,Rozina Monini,Colonia,2020/08/09,173.292
292,Audra Glitherow,Colonia,2021/01/17,991.652
293,Laverna Shingfield,Colonia,2021/03/21,948.933
294,Kent Pudsall,Salto,2020/12/09,770.908
295,Kev Yanne,Colonia,2021/03/10,425.675
296,Tobie Cremen,Montevideo,2020/08/13,316.778
297,Berry Pleavin,Montevideo,2020/10/20,763.559
298,Hildagard Terry,Colonia,2021/01/04,359.404
299,Dorine Poznan,Salto,2020/08/09,595.152
300,Elena Clout,Colonia,2020/08/30,537.46
301,Bartie Dabernott,Salto,2020/09/26,274.909
302,Gabriele Wycliff,Colonia,2020/09/06,718.276
303,Zared Pittel,Colonia,2020/10/24,231.018
304,Mora Eyckelbeck,Salto,2021/01/01,492.274
305,Bendix Macellar,Colonia,2021/03/23,1015.064
306,Otho Fishburn,Salto,2021/03/13,575.407
307,Katherina Baptiste,Colonia,2020/11/28,1037.149
308,Patrizius Cettell,Salto,2020/11/16,774.81
309,Sanson Tenny,Montevideo,2020/10/04,1102.467
310,Samantha Courtin,Salto,2021/01/07,970.432
311,Erv Seeger,Salto,2020/10/20,538.501
312,Robinett Fawdrie,Salto,2020/08/27,173.749
313,Rodolph Danels,Montevideo,2020/08/13,955.857
314,Roxane Georgius,Colonia,2020/12/04,841.631
315,Lyndy Edgeson,Montevideo,2020/10/15,518.02
316,Gabriela Landal,Colonia,2020/10/02,787.062
317,Bradford Parren,Montevideo,2020/08/07,1020.616
318,Lenora Pavluk,Salto,2021/01/10,1112.789
319,Fitzgerald Dilston,Salto,2020/12/27,912.733
320,Kaja Grange,Montevideo,2021/03/20,566.139
321,Leone Mitchenson,Salto,2020/12/11,397.266
322,Demetra Lordon,Colonia,2020/09/11,449.905
323,Fidela Giblett,Colonia,2020/10/05,374.796
324,Vonni Chalcraft,Salto,2020/11/08,475.97
325,Nat Berthel,Salto,2020/08/12,909.762
326,Frasquito Calafato,Colonia,2021/01/19,265.385
327,Archaimbaud Gernier,Salto,2021/01/17,649.126
328,Portia Geerits,Colonia,2020/12/20,1181.587
329,Gregoor Pieche,Salto,2020/08/25,190.158
330,Thorndike Ehlerding,Salto,2021/01/27,292.588
331,Jacklyn Phillp,Montevideo,2020/11/19,718.22
332,Leesa Greenhowe,Montevideo,2020/09/16,390.908
333,Thaine Townby,Salto,2020/11/10,704.857
334,Sherlock Whyte,Salto,2021/03/24,989.108
335,Venus Capron,Colonia,2021/03/13,242.178
336,Elden McGready,Salto,2020/09/28,799.468
337,Jaquenette Moyser,Colonia,2020/10/07,1152.823
338,Meryl Bronot,Montevideo,2020/09/17,439.989
339,Carole Chester,Montevideo,2020/12/20,607.592
340,Katha Bumford,Colonia,2020/12/23,1134.808
341,Hadlee Shippam,Colonia,2020/12/10,184.123
342,Lock Georges,Salto,2020/08/26,427.586
343,Andra Lempke,Montevideo,2021/03/12,863.612
344,Welsh Bullant,Montevideo,2021/03/21,751.341
345,Ximenez Highton,Montevideo,2020/11/17,475.693
346,Almire Keer,Colonia,2021/02/22,817.972
347,Kinnie Paine,Colonia,2020/09/21,1164.298
348,Rollin Speares,Salto,2020/08/24,360.657
349,Karlene Mor,Colonia,2021/03/11,379.553
350,Vivyan Scardefield,Salto,2021/03/03,743.542
351,Sheela Seebert,Salto,2020/10/04,432.749
352,Mariejeanne Gracey,Montevideo,2020/10/25,918.155
353,Reidar Defont,Salto,2021/03/03,453.016
354,Maire Anslow,Colonia,2021/01/18,187.095
355,Rubi Bruhnke,Salto,2021/03/08,258.776
356,Rebbecca Lafoy,Salto,2020/09/04,1242.257
357,Bondy Poll,Colonia,2020/10/27,396.77
358,Hortense Popworth,Montevideo,2020/11/03,879.683
359,Florida Ellis,Colonia,2020/08/16,1098.612
360,Cristal Meininger,Colonia,2020/09/23,901.694
361,Thaddus Verrechia,Salto,2020/11/05,234.711
362,Alia Domniney,Montevideo,2020/09/28,786.985
363,Rutter Sterricker,Salto,2020/12/14,792.332
364,Caro Wrack,Montevideo,2020/09/21,497.557
365,Zaria Gianolo,Salto,2020/10/20,932.057
366,Horatia Vardey,Salto,2021/02/21,762.181
367,Lonna Whitmore,Montevideo,2020/12/09,272.801
368,Gasparo Hilley,Montevideo,2020/10/30,583.143
369,Raymond Harses,Montevideo,2020/08/01,157.304
370,Claudine Hughson,Montevideo,2021/02/02,467.941
371,Josh Cordrey,Salto,2021/02/18,830.649
372,Carl Mosco,Salto,2020/09/26,996.006
373,Fredia Whitear,Montevideo,2020/09/18,230.192
374,Binky Gent,Colonia,2020/11/03,906.946
375,Gaile Howick,Montevideo,2020/11/10,1105.926
376,Oswell Scherme,Colonia,2020/08/14,556.134
377,Allx Zorzini,Montevideo,2020/09/13,486.361
378,Farlee Branchet,Montevideo,2020/12/14,1094.484
379,Kalinda Brodie,Montevideo,2020/10/02,223.245
380,Mersey Renny,Salto,2020/09/14,262.044
381,Johnnie Crysell,Colonia,2020/09/20,774.262
382,Mandie Cella,Salto,2021/01/04,1104.917
383,Abigail Renon,Colonia,2020/09/06,1193.543
384,Kaspar De Vries,Salto,2021/01/07,374.305
385,Winifield Stave,Montevideo,2020/12/01,388.278
386,Doroteya Siddell,Salto,2020/09/18,1211.463
387,Gasper Liddel,Colonia,2020/08/29,902.373
388,Lila Amyes,Salto,2020/12/02,1174.11
389,Gisella Elwin,Colonia,2021/01/11,624.035
390,Kaylyn Kunath,Colonia,2021/01/09,905.59
391,Leila McCourt,Montevideo,2021/01/13,1172.438
392,Sam Murdie,Montevideo,2020/09/23,904.427
393,Casper Ganniclifft,Colonia,2020/12/02,841.536
394,Elisa Librey,Montevideo,2020/12/02,618.134
395,Sheena Kincla,Montevideo,2020/09/29,705.843
396,Roxanna Algie,Colonia,2020/08/17,795.713
397,Angelita Oswald,Colonia,2021/01/09,1227.536
398,Kalina Garbar,Colonia,2020/09/21,403.854
399,Wren Lilleyman,Montevideo,2021/02/14,545.581
400,Wandie Pietrowski,Colonia,2020/12/21,208.494
401,Cammie Miere,Salto,2021/03/22,551.979
402,Drucy Guppie,Salto,2021/01/31,861.502
403,Fee Conaboy,Salto,2020/09/03,206.72
404,Nissy Skipton,Montevideo,2021/01/26,180.038
405,Sidoney Ockwell,Montevideo,2021/02/09,1244.965
406,Ginnifer Brader,Montevideo,2020/10/01,878.385
407,Gaby Annon,Colonia,2020/10/27,1072.711
408,Cordie Growy,Colonia,2021/01/28,1221.351
409,Collie Druce,Montevideo,2020/10/09,722.147
410,Rupert Jacobovitz,Salto,2021/03/25,898.462
411,Walton Greengrass,Colonia,2020/08/26,1004.886
412,Arv Shotter,Colonia,2021/02/02,164.867
413,Lonni Durak,Montevideo,2020/12/17,1126.599
414,Domenico Baumer,Salto,2020/12/30,997.686
415,Brian Meaney,Salto,2020/10/20,527.258
416,Padget Rodda,Montevideo,2021/01/23,285.842
417,Cosetta Eddowes,Montevideo,2020/09/07,179.256
418,Margie Myderscough,Salto,2020/12/10,376.67
419,Lulita Loseby,Salto,2021/01/01,779.057
420,Lilly Silkstone,Montevideo,2020/11/20,160.428
421,Jaquenetta Rosendahl,Montevideo,2020/08/06,463.322
422,Matthieu Upstone,Montevideo,2020/12/23,937.281
423,Daryl Massingberd,Montevideo,2020/11/07,585.324
424,Quintus McFadin,Salto,2020/12/11,306.34
425,Krisha Alyutin,Montevideo,2020/11/02,947.025
426,Kippie Toller,Colonia,2020/10/29,216.56
427,Xerxes Ferminger,Colonia,2020/08/17,382.149
428,Miquela Burchall,Colonia,2020/10/24,684.336
429,Tina Aprahamian,Colonia,2020/12/05,633.933
430,Cherlyn Utton,Montevideo,2020/09/13,662.722
431,Suzanna Chiles,Salto,2020/10/12,700.267
432,Wally Elloway,Salto,2021/03/18,908.81
433,Bellanca McGibbon,Colonia,2020/10/01,676.888
434,Flint Pottery,Colonia,2020/09/28,459.534
435,Aeriell Anwell,Montevideo,2021/03/22,168.429
436,Caldwell O' Bee,Colonia,2020/12/17,981.756
437,Costanza Ralphs,Colonia,2020/10/31,293.565
438,Enoch Swindles,Montevideo,2020/08/30,1235.903
439,Hilario Sargent,Salto,2021/01/25,1051.273
440,Dore Cossum,Colonia,2020/10/12,161.831
441,Marietta Krugmann,Salto,2020/08/06,445.295
442,Roxane Baulcombe,Salto,2020/10/10,812.554
443,Karlen Timeby,Montevideo,2021/01/25,943.419
444,Kai Mityakov,Montevideo,2020/09/30,213.332
445,Taber Livard,Montevideo,2020/12/23,943.059
446,Ewen Hunstone,Montevideo,2021/01/10,636.286
447,Gael Tregona,Montevideo,2020/09/22,861.435
448,Karlyn East,Montevideo,2020/08/17,779.521
449,Erich Barwise,Salto,2020/12/18,382.075
450,Bond Siege,Salto,2020/10/25,375.439
451,Dimitri Hadland,Montevideo,2021/02/04,289.782
452,Barbie Ashingden,Montevideo,2020/08/16,223.453
453,Analise Van,Montevideo,2020/09/18,565.39
454,Tobie Mousdall,Colonia,2021/01/31,234.455
455,Ricca Cocker,Colonia,2020/11/10,465.25
456,Erika Riggoll,Colonia,2020/11/15,913.402
457,Bail Girdwood,Salto,2021/03/11,988.302
458,Blakeley Lelliott,Montevideo,2020/08/18,787.723
459,Judith Gleave,Colonia,2020/09/23,423.925
460,Millisent Dachey,Salto,2020/09/28,643.815
461,Heath Cahillane,Colonia,2020/09/26,811.54
462,Laughton Levick,Colonia,2020/09/18,1202.23
463,Janina Ridsdole,Colonia,2021/02/28,223.426
464,Mariska Overington,Colonia,2020/12/14,1205.275
465,Vonny Howorth,Salto,2021/01/21,1095.679
466,Griffith Benedidick,Salto,2020/10/11,549.005
467,Daren Godrich,Colonia,2020/11/25,1214.204
468,Hortensia Broadhurst,Montevideo,2020/08/06,232.667
469,Dewie Hubbard,Colonia,2020/09/06,751.217
470,Amalle Fraser,Salto,2021/02/26,441.16
471,Tami Geering,Colonia,2020/12/16,508.5
472,Candace Burner,Montevideo,2020/09/18,550.341
473,Tiertza Dubique,Montevideo,2021/02/12,782.852
474,Millie Lashford,Salto,2020/12/03,1027.13
475,Joseito Baszniak,Salto,2020/10/18,298.347
476,Moyra Thornthwaite,Colonia,2020/10/27,1030.616
477,Eddie Uttridge,Montevideo,2020/08/28,1061.507
478,Ed Fairbank,Colonia,2020/09/14,998.011
479,Garnette Maylour,Salto,2020/11/01,658.127
480,Anastasie Gunbie,Colonia,2020/11/22,331.826
481,Adriena Cantero,Montevideo,2020/10/19,1184.81
482,Dominique Weiss,Montevideo,2020/08/31,830.187
483,Barris Chastand,Montevideo,2021/03/13,1123.185
484,Elisa Halston,Salto,2020/12/13,780.05
485,Cristi Berr,Colonia,2020/12/26,779.954
486,Emogene MacIntosh,Colonia,2020/11/27,385.677
487,Nester Wakely,Salto,2021/02/11,1085.207
488,Gael Bisgrove,Salto,2020/11/25,1048.442
489,Caldwell Velden,Montevideo,2021/01/09,377.909
490,Adolpho Logg,Salto,2021/01/03,359.883
491,Peggy Matteini,Colonia,2020/12/26,862.962
492,Damita Pellingar,Montevideo,2020/11/22,974.484
493,Linc Goodley,Montevideo,2020/08/17,471.126
494,Clo Nern,Montevideo,2021/01/27,631.165
495,Tabb Garfield,Colonia,2020/10/10,491.356
496,Alfred Dilke,Colonia,2020/11/16,582.167
497,Gabbey Le Breton,Colonia,2020/09/06,1126.392
498,Kelvin Eixenberger,Colonia,2020/11/08,458.394
499,Jaquith Gile,Salto,2021/01/19,295.025
500,Crissie Silvers,Colonia,2020/10/25,860.181
501,Agata Philler,Salto,2020/10/11,902.57
502,Prentice Heppner,Salto,2020/12/01,424.989
503,Jane Jacmard,Salto,2020/10/29,599.17
504,Jacintha Locks,Salto,2021/01/15,979.306
505,Hortense Stopper,Salto,2020/08/24,681.539
506,Desiri Allsop,Montevideo,2021/03/26,415.799
507,Sylvester Remer,Salto,2020/10/06,331.094
508,Rodrick Jaksic,Montevideo,2020/12/24,661.969
509,Levy Sergent,Colonia,2020/10/25,881.197
510,Bria Wisker,Salto,2020/10/15,986.108
511,Tynan Brumbie,Montevideo,2021/01/24,739.155
512,Galen Pittson,Salto,2020/12/15,203.511
513,Ulysses Liepmann,Colonia,2021/01/16,959.706
514,Sergent Porch,Salto,2020/11/01,1166.752
515,Bentley Goscar,Montevideo,2020/10/12,583.308
516,Rikki McPhaden,Montevideo,2021/02/12,950.68
517,Derward Brewett,Salto,2020/11/13,1236.942
518,Delphinia Bawle,Montevideo,2020/11/15,291.744
519,Brandyn Follacaro,Colonia,2020/09/07,579.401
520,Johnnie Spaducci,Montevideo,2020/09/26,462.502
521,Zsazsa McCaskill,Colonia,2020/08/04,911.782
522,Sidonia Wingar,Montevideo,2021/01/10,728.48
523,Ellery Loveridge,Colonia,2020/12/02,307.495
524,Koral Burke,Montevideo,2020/11/18,562.979
525,Glyn Jacobowitz,Colonia,2020/12/21,1208.184
526,Jerrilyn Rosenzveig,Montevideo,2021/01/25,1160.882
527,Elianore Domerc,Montevideo,2021/02/18,279.79
528,Bria Quade,Salto,2020/11/15,535.813
529,Mavra Moorerud,Salto,2020/11/29,839.859
530,Artemas Swinney,Salto,2020/10/10,388.454
531,Rozamond Johannesson,Salto,2020/10/03,976.282
532,Thibaut Jakubovsky,Salto,2020/08/25,1019.331
533,Shaughn Lillywhite,Colonia,2020/08/27,380.196
534,Lamont Baudesson,Salto,2021/02/17,1233.374
535,Benedicto Follos,Montevideo,2020/11/19,312.525
536,Alica Pidgen,Montevideo,2021/01/18,1193.007
537,Myrwyn Chattey,Montevideo,2020/08/26,378.159
538,Uriel Malham,Montevideo,2020/12/13,655.422
539,Gilberta Tieman,Montevideo,2020/12/25,1082.203
540,Alphard Favelle,Montevideo,2021/02/08,952.81
541,Philipa Corcut,Salto,2021/02/23,870.111
542,Kylen Mullenger,Montevideo,2021/02/02,1153.815
543,Fenelia Cunniffe,Montevideo,2020/09/19,1210.374
544,Mildrid Cottom,Colonia,2021/03/26,1177.444
545,Mile Bradane,Salto,2020/08/05,354.111
546,Alfonso Pavluk,Salto,2020/12/10,917.892
547,Pattie Chesley,Salto,2020/08/30,1046.38
548,Benoit Battell,Montevideo,2021/01/19,1097.126
549,Channa Kettel,Montevideo,2020/08/28,737.222
550,Inessa Costley,Colonia,2020/11/06,159.408
551,Bryant Wisam,Colonia,2020/11/25,796.23
552,Tonia Dunridge,Salto,2020/08/29,194.255
553,Demott McKinnell,Colonia,2021/01/23,997.152
554,Trevar Ditchburn,Salto,2021/03/18,808.603
555,Melisse Duprey,Colonia,2021/03/06,793.908
556,Dunc Dufour,Colonia,2020/12/31,410.868
557,Lewiss Britee,Salto,2020/12/12,787.873
558,Connie Cattenach,Salto,2021/02/07,774.031
559,Jo Twoohy,Montevideo,2020/10/05,699.265
560,Birgitta Shreeves,Colonia,2020/08/04,803.459
561,Ewan Simonson,Salto,2021/01/17,421.714
562,Amelina Docket,Montevideo,2020/08/26,608.554
563,Hillier Skeldinge,Montevideo,2020/12/02,606.946
564,Ingeberg Hargroves,Montevideo,2021/03/03,547.255
565,Katrine Ferrierio,Salto,2021/01/27,743.866
566,Kaela Hardwell,Salto,2021/03/07,551.507
567,Taite Baversor,Colonia,2021/02/17,1110.091
568,Wilmer Burtwhistle,Salto,2020/11/05,997.048
569,Timmi Nolda,Colonia,2020/11/27,609.295
570,Yorgos Poyntz,Montevideo,2020/09/02,734.837
571,Joey Sommer,Salto,2021/02/19,1009.431
572,Ricki Sybry,Montevideo,2021/01/12,755.18
573,Nolly Nelsey,Colonia,2021/03/09,1211.734
574,Goran Corpe,Montevideo,2020/08/01,1111.188
575,Rusty Kleinbaum,Colonia,2020/08/28,756.381
576,Britt Silversmid,Salto,2021/01/16,165.816
577,Hubey Karpinski,Colonia,2020/11/18,725.9
578,Rosamond Audrey,Salto,2020/10/17,762.641
579,Tamra Vodden,Salto,2020/10/06,346.038
580,Roi Tanner,Colonia,2020/08/03,451.89
581,Holly Martelet,Montevideo,2020/12/17,678.706
582,Cherie Phizaclea,Colonia,2020/08/28,1157.145
583,Daryle Mafham,Montevideo,2020/08/02,986.26
584,Jaye Tann,Montevideo,2021/01/20,944.301
585,Allyson Boswell,Montevideo,2020/09/01,1236.079
586,Chrissy Yepiskopov,Colonia,2021/03/24,315.872
587,Heidi Trevon,Montevideo,2020/08/08,888.547
588,Paige Frend,Salto,2021/03/10,474.758
589,Arvin Patshull,Salto,2020/09/29,1021.595
590,Feliza Ashlin,Salto,2020/10/23,1087.616
591,Beltran MacNaughton,Colonia,2021/02/25,1207.859
592,Elberta Brewerton,Salto,2021/01/18,655.928
593,Tybie Buckthought,Salto,2020/09/09,215.265
594,Roddie Billingsley,Colonia,2021/01/22,756.778
595,Angie Niezen,Montevideo,2020/12/04,623.234
596,Iggy Tabart,Salto,2020/10/28,1163.568
597,Chico Asals,Colonia,2021/01/17,419.751
598,Leilah McCarlich,Salto,2021/01/02,789.282
599,Melisa Rosenberg,Colonia,2021/03/09,486.179
600,Benjamen Alyokhin,Salto,2020/12/29,952.327
601,Lowe Lichtfoth,Montevideo,2020/12/15,1219.015
602,Deidre Chidgey,Salto,2021/03/10,552.069
603,Brigg Yesenin,Montevideo,2020/08/06,994.599
604,Xylia Myers,Salto,2021/02/12,888.875
605,Dewain Mundle,Montevideo,2020/10/30,340.972
606,Marjory Syder,Colonia,2020/08/20,864.207
607,Jeremiah Segeswoeth,Montevideo,2021/01/27,756.995
608,Nehemiah Exon,Colonia,2020/09/27,1169.848
609,Aristotle Jaime,Colonia,2021/02/22,323.504
610,Nonna Melsome,Colonia,2020/09/06,846.856
611,Whitaker Brandoni,Montevideo,2020/10/23,844.99
612,Harli Tybalt,Salto,2020/10/31,1140.858
613,Sidnee Mouth,Colonia,2021/01/21,919.128
614,Sandy Najera,Salto,2020/08/01,953.313
615,Skelly Fullom,Colonia,2021/03/24,746.948
616,Ricky Pesterfield,Salto,2020/11/15,178.916
617,Octavius Sumers,Salto,2020/11/19,532.903
618,Jaclin Symonds,Colonia,2020/10/01,534.369
619,Stewart McGrotty,Colonia,2020/12/14,758.566
620,Shawn Garretts,Salto,2020/08/24,962.977
621,Ennis Sibson,Colonia,2020/10/26,1115.105
622,Niki Mutter,Montevideo,2020/09/06,1000.547
623,Wanda Dunbabin,Salto,2020/08/26,886.693
624,Alair Francesc,Colonia,2020/11/12,1195.059
625,Dusty Garstang,Colonia,2021/01/03,362.681
626,Conroy Bridden,Colonia,2020/12/02,336.484
627,Andria Moroney,Montevideo,2020/08/31,1196.328
628,Monte Woolis,Salto,2021/02/11,680.402
629,Irena Sighard,Salto,2020/11/18,981.263
630,Lettie Jacklin,Salto,2021/02/03,497.784
631,Mort Barham,Colonia,2020/10/14,992.225
632,Idell Blandford,Salto,2021/02/20,1092.886
633,Guilbert Gibb,Montevideo,2020/09/11,206.949
634,Chan Sneesby,Colonia,2021/03/11,393.069
635,Johanna Davidowich,Salto,2020/11/25,910.907
636,Koralle Ovendale,Montevideo,2020/11/10,1002.43
637,Rikki Bridgen,Montevideo,2021/01/13,290.03
638,Diannne Laverty,Montevideo,2020/11/08,280.603
639,Ray Ginnety,Montevideo,2021/01/01,1078.832
640,Eba Gurg,Colonia,2020/08/04,340.837
641,Maudie Horrell,Montevideo,2020/10/12,254.408
642,Sarah Robken,Montevideo,2021/03/08,1201.484
643,Kendal Cammock,Montevideo,2020/10/21,1235.034
644,Briny Batchelour,Montevideo,2021/03/04,887.556
645,Marj Learman,Salto,2020/08/19,253.165
646,Galina Layus,Montevideo,2020/12/12,739.598
647,Brewer Lechelle,Salto,2020/11/24,1021.929
648,Erna Wyllis,Montevideo,2020/08/17,186.867
649,Korey Omand,Salto,2021/03/10,507.097
650,Riane Bazoche,Salto,2021/03/22,477.24
651,Baxie Winterton,Montevideo,2020/08/18,1063.468
652,Donny Tolliday,Salto,2020/10/06,953.569
653,Honey Pollins,Colonia,2020/11/01,882.41
654,Aida De Angelis,Colonia,2021/01/08,376.803
655,Shaylyn Kenafaque,Salto,2020/10/06,249.337
656,Gav Soffe,Colonia,2020/08/23,1224.015
657,Alden Rosengart,Montevideo,2021/02/08,1233.088
658,Candida De Domenico,Colonia,2021/03/08,435.542
659,Carmine Bloodworthe,Colonia,2021/02/23,1120.15
660,Annalee Whanstall,Montevideo,2020/08/19,722.264
661,Camey Henric,Colonia,2020/10/07,918.478
662,Shel Freathy,Montevideo,2020/12/05,376.647
663,Franz Dupoy,Montevideo,2021/02/14,611.733
664,Helsa Methley,Montevideo,2021/02/27,584.424
665,Kath Archbell,Colonia,2020/07/31,865.613
666,Hortense Ballin,Montevideo,2020/12/01,873.614
667,Meridel Benneyworth,Salto,2020/12/06,1024.036
668,Ricki Gockeler,Colonia,2020/11/03,684.939
669,Emmit Haining,Salto,2020/09/06,397.291
670,Tiffi McCrackem,Montevideo,2020/10/29,1090.303
671,Stacee Fairn,Montevideo,2020/10/25,516.938
672,Wilow Laurenty,Colonia,2021/02/23,294.333
673,Ninetta Glazyer,Salto,2021/01/23,1247.358
674,Basil Reddell,Salto,2021/03/07,698.798
675,Lissi Kaasman,Salto,2021/02/28,716.852
676,Sharia Bonifacio,Colonia,2020/09/14,484.834
677,Dorthea Scottesmoor,Salto,2021/01/20,813.47
678,Zachary Secrett,Colonia,2020/11/11,1114.012
679,Hobey Rugg,Colonia,2021/01/10,593.708
680,Caresa Timmis,Montevideo,2021/02/12,263.741
681,Mile Tremmil,Salto,2020/11/19,617.057
682,Jacky Lavell,Montevideo,2020/12/29,949.131
683,West Fearney,Salto,2020/12/29,1175.842
684,Edvard Crumb,Montevideo,2021/01/17,913.077
685,Ange Fleetwood,Salto,2020/10/18,924.274
686,Andre Waylett,Salto,2021/03/24,606.721
687,Marney Beviss,Colonia,2020/10/14,897.227
688,Blythe Perigo,Montevideo,2020/10/09,796.176
689,Dian Toohey,Salto,2021/03/07,1244.563
690,Hiram Klementz,Salto,2020/12/23,422.44
691,Gill Ecles,Montevideo,2020/11/27,986.202
692,Xenia Wilmot,Montevideo,2020/11/28,718.753
693,Averil Fripps,Montevideo,2021/03/12,947.48
694,Tobit Borg,Colonia,2020/09/24,503.874
695,Gifford Diehn,Colonia,2020/08/03,1130.621
696,Zechariah McKall,Colonia,2020/08/02,1158.954
697,Rem Yarranton,Colonia,2020/10/19,767.976
698,Hillie Loughhead,Salto,2020/11/18,513.052
699,Laure Georgeson,Montevideo,2020/11/30,620.483
700,Michel Pecey,Montevideo,2020/08/26,449.841
701,Chic Kaufman,Montevideo,2021/01/14,247.573
702,Gerardo Emeline,Colonia,2020/10/18,1045.117
703,Glyn Lovewell,Salto,2021/02/26,881.686
704,Nannie Kless,Salto,2020/12/12,234.636
705,Jen Lowden,Montevideo,2021/01/19,1225.792
706,Erie Beynkn,Salto,2021/03/07,615.404
707,Alexandros Hallett,Montevideo,2021/03/04,1203.288
708,Gustav Guierre,Salto,2021/03/02,1247.601
709,Willabella Pitt,Colonia,2020/08/06,481.438
710,Spense Whittier,Salto,2020/12/07,1077.911
711,Ellis Alekseev,Colonia,2021/02/22,805.199
712,Sibyl Shenton,Montevideo,2020/09/25,1039.506
713,Cordie Twentyman,Montevideo,2020/09/15,876.456
714,Dalila Gregol,Montevideo,2020/08/29,1198.34
715,Haleigh Holde,Colonia,2020/09/13,508.75
716,Broddy Conrard,Montevideo,2021/03/21,522.8
717,Piotr Boocock,Montevideo,2020/09/13,511.187
718,Silas Passion,Montevideo,2020/09/05,974.098
719,Jackqueline Belfield,Montevideo,2021/03/02,319.705
720,Gaultiero Sissland,Montevideo,2020/08/22,1023.86
721,Dona Furphy,Montevideo,2021/01/11,1019.79
722,Letty Capoun,Colonia,2020/10/17,294.561
723,Ariel Willmetts,Colonia,2020/08/06,862.966
724,Diannne Gieves,Colonia,2020/12/16,583.861
725,Chandler Blackburne,Colonia,2020/09/16,208.887
726,Jessie Culbert,Colonia,2021/01/17,938.088
727,Jacquenetta Keynes,Montevideo,2021/03/06,208.717
728,Adore Jankin,Montevideo,2021/01/14,587.134
729,Sharity Jaray,Montevideo,2021/01/02,236.35
730,Jere Bumford,Colonia,2020/08/14,887.098
731,Roana Swaysland,Salto,2020/10/05,293.067
732,Aurore Stannis,Montevideo,2020/12/03,630.155
733,Donaugh Vest,Colonia,2021/03/08,294.81
734,Kippie McIlvenna,Montevideo,2020/09/30,940.99
735,Almira Fisby,Colonia,2020/12/01,831.765
736,Chalmers Rewbottom,Salto,2021/02/02,1132.728
737,Frankie McCrillis,Salto,2021/03/17,541.366
738,Konstantine Dalwood,Salto,2020/09/08,694.708
739,Dorothy Lamblin,Montevideo,2021/02/24,246.34
740,Corey Lackham,Montevideo,2021/02/13,716.466
741,Karia Daid,Colonia,2021/03/17,601.099
742,Enriqueta Tidbold,Salto,2021/01/28,595.214
743,Andie O'Kennavain,Colonia,2020/10/14,166.123
744,Dave Briiginshaw,Salto,2020/11/20,589.963
745,Zabrina Meco,Salto,2020/10/17,327.871
746,Tedda Ginnaly,Montevideo,2020/11/19,435.025
747,Norry Faires,Salto,2021/01/14,491.063
748,Butch Braycotton,Montevideo,2020/08/28,238.768
749,Derrick Potell,Montevideo,2021/01/31,1134.804
750,Marrilee Driver,Colonia,2020/12/02,666.162
751,Lotte Nancekivell,Salto,2021/01/20,489.539
752,Kristina Orto,Colonia,2021/03/15,565.863
753,Winnah Allanby,Colonia,2020/09/07,785.07
754,Myrtice Ealam,Montevideo,2021/03/19,337.93
755,Daffie Worlock,Salto,2020/11/18,239.677
756,Rayshell Klimowski,Salto,2020/11/27,526.448
757,Avery Burle,Salto,2020/11/13,345.655
758,Evvie Batcock,Salto,2020/11/07,697.466
759,Gael Rosoni,Montevideo,2020/09/20,971.429
760,Brewer Goburn,Colonia,2020/09/06,644.803
761,Rriocard Montague,Montevideo,2020/11/28,478.776
762,Nil Joron,Colonia,2021/02/20,170.2
763,Lindsay Vaughan-Hughes,Colonia,2021/01/10,532.985
764,Lizabeth Coats,Salto,2021/02/18,344.32
765,Rey Malthouse,Montevideo,2020/10/23,1241.973
766,Alika Fordy,Montevideo,2020/09/30,1230.231
767,Teddy Earie,Montevideo,2020/08/10,816.573
768,Carrie Yeo,Montevideo,2021/01/20,1182.643
769,Lethia Wimpey,Montevideo,2020/11/18,850.984
770,Reid Tothacot,Salto,2020/08/25,419.928
771,Linnie Longhurst,Colonia,2020/10/13,553.968
772,Ianthe Whitnall,Salto,2020/09/10,1236.886
773,Aurie Rickarsey,Montevideo,2020/09/06,1213.879
774,Shelby Dreghorn,Salto,2021/02/01,773.72
775,Carmita Deem,Colonia,2020/10/03,391.867
776,Adelheid Pancoust,Colonia,2021/03/18,815.875
777,Chloette Brookshaw,Montevideo,2020/10/16,748.852
778,Doroteya Tench,Salto,2020/10/09,212.671
779,Ronnie Anfossi,Colonia,2021/01/15,482.904
780,Rosalie Pidgeley,Montevideo,2020/11/16,1160.733
781,Josias Roft,Montevideo,2020/12/27,1056.787
782,Stacee Spare,Salto,2020/10/03,541.266
783,Mikkel Houlton,Montevideo,2020/11/06,304.292
784,Bernie Woollacott,Montevideo,2020/09/30,1226.962
785,Mauricio Tomasz,Colonia,2021/02/23,399.126
786,Idalia McGoogan,Salto,2020/08/24,169.406
787,Keely Vanichkin,Colonia,2020/11/28,1201.282
788,Kenna Nutt,Colonia,2020/10/07,1169.302
789,Chiquia Nizard,Colonia,2020/11/15,1186.384
790,Marillin Pryor,Colonia,2021/01/28,951.985
791,Gaylene Woollard,Montevideo,2020/10/25,675.263
792,Farleigh Kubera,Colonia,2021/02/01,1204.207
793,Riley Munroe,Colonia,2020/12/23,961.141
794,Randolph Garbutt,Montevideo,2020/09/24,216.21
795,Henryetta Treadgold,Colonia,2020/11/21,475.556
796,Galvin Pullen,Salto,2020/08/21,431.332
797,Phebe Emes,Colonia,2020/11/27,759.972
798,Persis Huncoot,Salto,2020/12/20,1185.756
799,Nessie Blackleech,Montevideo,2020/12/31,732.698
800,Caprice Dunrige,Colonia,2020/11/14,655.775
801,Lucho Rymour,Salto,2021/02/12,334.812
802,Elena Rembaud,Montevideo,2020/09/14,1066.164
803,Trstram Decroix,Colonia,2020/08/11,1081.932
804,Farlie Myner,Salto,2021/01/25,293.121
805,Vivyan Bowick,Montevideo,2021/03/14,230.64
806,Franky Cajkler,Montevideo,2021/02/09,377.642
807,Reynolds Uttermare,Montevideo,2020/12/25,204.978
808,Bil Horley,Colonia,2020/10/30,658.125
809,Calv Lapere,Colonia,2021/02/22,574.102
810,Sally Petrik,Montevideo,2020/10/04,636.001
811,Timofei Harkin,Montevideo,2020/10/06,536.366
812,Daniele Grassick,Salto,2021/01/21,1235.724
813,Carlos Atherley,Colonia,2021/01/04,795.98
814,Heath Loram,Colonia,2021/02/03,1121.105
815,Laetitia Pasque,Colonia,2021/03/12,849.488
816,Scarlet Wingfield,Salto,2020/12/07,755.689
817,Phil Speariett,Montevideo,2020/12/09,430.433
818,Ashia Parmley,Salto,2021/03/07,1086.285
819,Danielle Snare,Salto,2021/03/06,723.06
820,Aldis Ivanishev,Colonia,2021/02/23,1100.871
821,Ned Samber,Colonia,2021/01/21,950.352
822,Junie Bacop,Salto,2020/08/03,454.949
823,Gracia Kilroy,Montevideo,2020/08/02,1081.126
824,Trisha Corn,Montevideo,2020/08/16,1099.653
825,Rosa Fibbings,Colonia,2020/12/13,729.187
826,Alvira Austick,Salto,2021/03/20,889.384
827,Lynnea McParlin,Colonia,2021/01/05,1164.842
828,Nester Tattershall,Montevideo,2021/01/16,896.085
829,Karna Mc Caughan,Colonia,2021/03/01,433.937
830,Ignace MacNeachtain,Montevideo,2021/03/10,445.02
831,Angil Fibbings,Salto,2020/10/03,816.556
832,Lynea Goldsbrough,Montevideo,2020/08/07,685.822
833,Florinda Duplan,Salto,2020/09/10,517.258
834,Julieta Foreman,Salto,2020/10/10,750.703
835,Dugald Henmarsh,Salto,2020/08/31,235.733
836,Willabella Leebeter,Montevideo,2021/01/22,728.659
837,Camile Gent,Montevideo,2021/03/19,482.185
838,Deeann Cicconettii,Montevideo,2020/10/14,1151.598
839,Augustine De Luna,Montevideo,2021/01/11,1161.214
840,Alethea Gregorin,Montevideo,2020/12/16,190.212
841,Donnell Chad,Montevideo,2021/03/24,1027.537
842,Ynez Binley,Montevideo,2021/03/20,153.49
843,Vonny Scimone,Colonia,2020/09/18,262.278
844,Mikkel Iddison,Montevideo,2021/02/04,673.177
845,Giulio Ramey,Montevideo,2020/12/08,716.443
846,Lorin Poile,Salto,2021/02/04,636.96
847,Verile Gillman,Montevideo,2021/02/01,477.691
848,Melicent O' Brian,Salto,2021/02/11,1146.529
849,Bancroft Rolfe,Salto,2021/01/27,829.549
850,Barbabas Staner,Salto,2021/01/27,543.587
851,Agosto Tuft,Montevideo,2020/08/02,592.57
852,Elene Wilcocks,Colonia,2020/08/19,996.744
853,Leela O' Gara,Colonia,2021/02/04,789.77
854,Phelia Gormley,Colonia,2020/12/16,517.335
855,Christoph Maunder,Salto,2020/12/25,311.076
856,Gar Favell,Salto,2021/02/05,754.255
857,Cesya Neave,Montevideo,2021/03/11,372.475
858,Brigid Poyzer,Salto,2020/10/26,935.883
859,Prentiss Jeanes,Montevideo,2021/02/13,155.233
860,Rutherford Fontell,Colonia,2020/12/10,789.569
861,Vickie McAdam,Salto,2020/11/10,717.527
862,Algernon Matfield,Montevideo,2021/02/16,1043.276
863,Dareen McIlriach,Salto,2021/02/06,689.782
864,Livy Doswell,Montevideo,2021/03/06,857.638
865,Myrtia Muldownie,Colonia,2021/03/05,778.685
866,Leia Fass,Salto,2021/02/09,164.107
867,Annemarie Casa,Colonia,2020/12/28,474.659
868,Ginnie Dedden,Colonia,2021/03/27,547.136
869,Kinna Hulson,Montevideo,2020/10/18,479.302
870,Selle Fiveash,Montevideo,2020/08/25,267.892
871,Jess Sellens,Salto,2020/11/01,1198.5
872,Rosabel Danielsson,Montevideo,2020/11/19,194.984
873,Torr Medeway,Salto,2020/10/22,185.735
874,Godart Whistlecraft,Montevideo,2021/01/09,628.324
875,Kathryn Bollini,Salto,2021/02/27,250.572
876,Maye Edess,Salto,2020/08/28,812.531
877,Nigel Hartas,Salto,2020/08/17,660.737
878,Flossi Fawdery,Salto,2020/08/26,987.441
879,Shelby Pawlata,Montevideo,2021/01/02,245.248
880,Coraline Vern,Salto,2020/07/31,575.052
881,Linn Farryn,Salto,2020/12/09,315.989
882,Kingston Risbridger,Montevideo,2021/03/14,1135.745
883,Mirella Boissier,Colonia,2021/02/19,707.571
884,Wolfy Halwood,Montevideo,2020/10/15,934.074
885,Faustine Putland,Montevideo,2020/10/14,894.969
886,Karia Witherop,Montevideo,2020/09/07,668.863
887,Mariel Stiff,Colonia,2020/12/19,275.278
888,Stern Mathews,Salto,2020/12/20,680.902
889,Benedetto Berthe,Montevideo,2020/11/28,612.893
890,Clea Beckey,Salto,2021/03/01,224.549
891,Chloe Chaplain,Montevideo,2020/11/15,162.496
892,Emmaline Arsey,Colonia,2021/03/07,791.409
893,Jenn Hellis,Salto,2021/02/14,1101.621
894,Brunhilde Fitchell,Colonia,2020/09/26,589.238
895,Hanson Bienvenu,Montevideo,2021/01/06,522.663
896,Ardene Glentz,Salto,2020/11/30,799.754
897,Doralin Fryer,Salto,2021/02/04,458.936
898,Mikey Vyel,Montevideo,2021/03/01,1229.61
899,Ansley Edy,Montevideo,2021/03/17,590.606
900,Eyde Points,Colonia,2020/10/13,806.196
901,Melvyn Dicken,Salto,2020/12/13,801.425
902,Gwenny Di Napoli,Colonia,2020/11/05,231.459
903,Ilysa Konneke,Montevideo,2020/11/17,762.7
904,Jasper Lafflin,Montevideo,2020/12/11,810.336
905,Lynnette Arnow,Salto,2021/02/10,585.218
906,Earl Ivashinnikov,Salto,2020/12/06,752.802
907,Saunder MacWhirter,Montevideo,2021/01/14,1162.739
908,Gwenette Hegdonne,Montevideo,2020/10/18,1128.303
909,Olly Habbeshaw,Montevideo,2021/01/20,959.78
910,Gabi Ennever,Montevideo,2020/09/13,1161.926
911,Tomasine McBride,Montevideo,2021/02/13,331.636
912,Tove Pyzer,Montevideo,2020/08/08,372.552
913,Fayth Gleeton,Colonia,2020/11/29,156.444
914,Maryanna Metzig,Salto,2021/02/03,1196.935
915,Chris Gouldie,Colonia,2020/10/05,422.615
916,Sashenka Sterre,Montevideo,2020/10/25,191.473
917,Nickie Prop,Montevideo,2020/11/08,232.426
918,Abe Hughlin,Salto,2021/01/31,620.127
919,Terence Boas,Montevideo,2021/02/25,403.772
920,Valerie Treversh,Colonia,2020/12/02,561.567
921,Stephanus Beane,Colonia,2020/10/20,1122.423
922,Somerset Swainger,Colonia,2021/01/28,1041.255
923,Aveline China,Montevideo,2021/02/18,483.385
924,Blaine Ramey,Montevideo,2020/08/11,492.961
925,Marisa Arbuckel,Colonia,2020/10/28,300.197
926,D'arcy Vallentine,Montevideo,2020/11/24,620.955
927,Coreen Heap,Salto,2020/11/26,1153.868
928,Melody Euels,Salto,2020/10/25,751.47
929,Allix L'Hommee,Colonia,2020/11/19,357.777
930,Shepard Boldt,Salto,2020/08/21,343.781
931,Lane Tristram,Montevideo,2020/12/18,847.626
932,Dominick Jandl,Montevideo,2020/11/20,860.577
933,Leonora Wheatman,Salto,2020/12/07,633.303
934,Debor Heffy,Colonia,2020/11/28,1115.009
935,Jaclyn Itchingham,Salto,2021/03/26,197.86
936,Bidget Tieraney,Montevideo,2021/02/26,350.874
937,Almeta Whilder,Salto,2020/10/17,279.14
938,Brandy Funnell,Montevideo,2020/09/14,883.4
939,Findley Kingzett,Colonia,2021/02/21,1035.582
940,Sindee Breeds,Salto,2021/03/06,406.984
941,Evelyn Glacken,Salto,2020/11/16,531.999
942,Shelbi Smeuin,Salto,2020/12/14,978.88
943,Gustave Petchell,Salto,2021/03/27,156.639
944,Hayes Hoggin,Colonia,2020/07/30,346.092
945,Ludovika Pioli,Colonia,2020/08/22,1154.568
946,Isador Cogzell,Salto,2020/09/24,548.476
947,Chickie Mollitt,Colonia,2020/11/03,1064.516
948,Beckie Minter,Colonia,2020/11/29,425.964
949,Verena Pickerell,Colonia,2020/08/02,571.548
950,Hannie Corck,Montevideo,2020/09/03,197.668
951,Gratiana Carryer,Colonia,2020/11/04,648.801
952,Barret Barrows,Salto,2020/07/31,757.397
953,Grenville Comolli,Colonia,2020/12/03,212.139
954,Aurie Bartels,Montevideo,2020/08/31,172.463
955,Arlee Drieu,Colonia,2020/09/30,163.518
956,Gibb Courteney,Montevideo,2020/08/13,1132.401
957,Freddie Gonsalvo,Salto,2020/09/19,939.218
958,Giffard Cuppleditch,Montevideo,2021/01/10,360.085
959,Yule Brunelli,Salto,2020/09/01,978.771
960,Luci Thomel,Salto,2021/01/06,565.833
961,Loni Sivyour,Salto,2021/01/11,379.536
962,Darill Bampfield,Colonia,2020/08/26,1224.891
963,Dov Schoenrock,Montevideo,2021/03/12,473.61
964,Stefano Roman,Salto,2020/12/10,338.24
965,Monah Carren,Salto,2021/02/16,703.201
966,Doreen Waterstone,Montevideo,2021/01/18,1032.058
967,Analiese Dutt,Colonia,2021/01/06,866.944
968,Torin Tupman,Montevideo,2020/08/19,953.855
969,Farlie Lafflina,Montevideo,2021/01/16,893.279
970,Marvin Apedaile,Salto,2020/10/29,869.695
971,Antonie Rackam,Salto,2020/11/24,308.72
972,Nikaniki O'Ferris,Colonia,2020/12/22,1088.301
973,Constantine Maureen,Salto,2020/12/18,770.97
974,Paddy German,Montevideo,2020/11/22,465.363
975,Oates Frowing,Colonia,2020/09/15,607.979
976,Damiano Sainter,Colonia,2020/10/25,253.785
977,Siana Glencross,Montevideo,2021/02/27,1066.051
978,Tull Moody,Salto,2020/08/19,182.885
979,Somerset Ragsdale,Montevideo,2021/01/09,862.3
980,Stillmann Kunkler,Salto,2020/10/13,259.906
981,Rosabella Daddow,Colonia,2021/02/15,555.273
982,Viole Smullin,Salto,2021/03/19,1116.493
983,Tilda Jellman,Montevideo,2021/01/27,1234.873
984,Shae Badham,Montevideo,2020/12/11,861.059
985,Isidore Huxham,Colonia,2021/03/27,752.872
986,Ab Feavearyear,Salto,2020/11/20,510.03
987,Mariam Juleff,Colonia,2021/01/10,993.302
988,Alphard Featherby,Salto,2020/08/28,754.577
989,Stepha Derye-Barrett,Colonia,2020/12/01,879.43
990,Hestia Hutcheson,Salto,2020/08/10,973.6
991,Lynett Bulfoy,Montevideo,2021/01/10,808.014
992,Annalise Maggs,Salto,2020/09/29,394.308
993,Brantley Jacobbe,Colonia,2020/11/05,885.615
994,Ynes Mottinelli,Montevideo,2021/03/19,1050.385
995,Yurik Newsham,Montevideo,2021/03/06,677.499
996,Hershel Scollard,Montevideo,2020/11/30,1091.569
997,Marian Haster,Salto,2021/01/31,377.536
998,Shermy De-Ville,Montevideo,2020/09/02,1123.664
999,Gav Wing,Colonia,2020/08/24,1241.096
1000,Devlen Pady,Salto,2020/08/16,882.799
